﻿District,Deal Count
الخير,4327
عريض,3328
نمار,2730
الرمال,1615
النرجس,1311
بدر,934
طويق,801
الملقا,761
السويدي,405
القيروان,271
الريان,210
الملك فيصل,136
الشهداء,127
الروابي,121
الحمراء,114
الجزيرة,99
الملك فهد,98
التعاون,86
المروج,77
الفلاح,76
المغرزات,74
الازدهار,59
المحمدية,53
الديرة,27
الخزامى,21
الصناعية,20
بنبان,4
السحاب,1
الوسام,1
الياسمين,663
